begin;

insert into public.courses (
  id, stable_code, title, description, status, sort_order
)
values (
  '20000000-0000-0000-0000-000000000001',
  'color-theory',
  '色彩原理',
  '從光、視覺、表示法到配色的基礎課程。',
  'published',
  1
);

insert into public.chapters (
  id, course_id, stable_code, title, description, status, sort_order
)
values
  ('21000000-0000-0000-0000-000000000001', '20000000-0000-0000-0000-000000000001', 'chapter-1', '色彩與光源', '理解光與色彩形成的關係。', 'published', 1),
  ('21000000-0000-0000-0000-000000000002', '20000000-0000-0000-0000-000000000001', 'chapter-2', '色彩與生理', '認識眼睛與視覺系統如何感受色彩。', 'published', 2),
  ('21000000-0000-0000-0000-000000000003', '20000000-0000-0000-0000-000000000001', 'chapter-3', '色彩表示', '使用色彩模型與數值描述顏色。', 'published', 3),
  ('21000000-0000-0000-0000-000000000004', '20000000-0000-0000-0000-000000000001', 'chapter-4', '色彩混色', '比較加法與減法混色。', 'published', 4),
  ('21000000-0000-0000-0000-000000000005', '20000000-0000-0000-0000-000000000001', 'chapter-5', '色彩心理', '探索色彩知覺與心理感受。', 'published', 5),
  ('21000000-0000-0000-0000-000000000006', '20000000-0000-0000-0000-000000000001', 'chapter-6', '色彩配色', '練習有目的的色彩組合。', 'published', 6);

insert into public.sections (
  id, chapter_id, stable_code, title, description, status, sort_order
)
values (
  '22000000-0000-0000-0000-000000000001',
  '21000000-0000-0000-0000-000000000003',
  'section-3-1',
  '數位色彩表示',
  '以常見色彩模型、色碼與色域描述色彩。',
  'published',
  1
);

insert into public.subtopics (
  id, section_id, stable_code, title, description, status, sort_order
)
values (
  '23000000-0000-0000-0000-000000000001',
  '22000000-0000-0000-0000-000000000001',
  'subtopic-3-1',
  '色彩模型與色碼',
  '辨識 RGB、CMYK、HSL、CIELAB 與十六進位色碼。',
  'published',
  1
);

insert into public.questions (
  id, subtopic_id, stable_code, prompt, explanation, status, sort_order
)
values
  ('24000000-0000-0000-0000-000000000001', '23000000-0000-0000-0000-000000000001', '3-1-01', '螢幕以光呈現色彩時，最常使用哪一種色彩模型？', 'RGB 以紅、綠、藍三色光進行加法混色，是螢幕與數位顯示常用的模型。', 'published', 1),
  ('24000000-0000-0000-0000-000000000002', '23000000-0000-0000-0000-000000000001', '3-1-02', '四色印刷通常使用哪四種色料？', 'CMYK 代表青、洋紅、黃與黑，利用油墨吸收部分光線來形成印刷色彩。', 'published', 2),
  ('24000000-0000-0000-0000-000000000003', '23000000-0000-0000-0000-000000000001', '3-1-03', '在 HSL 色彩模型中，H 代表什麼？', 'H 是 Hue（色相），用角度表示顏色在色相環上的位置。', 'published', 3),
  ('24000000-0000-0000-0000-000000000004', '23000000-0000-0000-0000-000000000001', '3-1-04', 'CIELAB 的 L* 軸主要描述哪一項色彩屬性？', 'L* 表示明度，由黑到白描述顏色的亮暗程度。', 'published', 4),
  ('24000000-0000-0000-0000-000000000005', '23000000-0000-0000-0000-000000000001', '3-1-05', '十六進位色碼 #FF0000 表示哪一種顏色？', '#FF0000 的紅色通道為最大值，綠色與藍色通道為零，因此呈現純紅色。', 'published', 5),
  ('24000000-0000-0000-0000-000000000006', '23000000-0000-0000-0000-000000000001', '3-1-06', 'RGB 三個色光通道都設為最大值時，畫面會呈現什麼顏色？', '加法混色中，最大強度的紅、綠、藍光疊加會形成白光。', 'published', 6),
  ('24000000-0000-0000-0000-000000000007', '23000000-0000-0000-0000-000000000001', '3-1-07', 'CMYK 中加入 K（黑色）版的主要原因是什麼？', '黑色版能提供穩定的深色、清晰文字與陰影，並減少大量疊印彩色油墨的需求。', 'published', 7),
  ('24000000-0000-0000-0000-000000000008', '23000000-0000-0000-0000-000000000001', '3-1-08', 'HSL 的飽和度降低到 0% 時，顏色會變成什麼狀態？', '飽和度為 0% 時不再呈現色相，只剩由明度決定的灰階。', 'published', 8),
  ('24000000-0000-0000-0000-000000000009', '23000000-0000-0000-0000-000000000001', '3-1-09', '「色域」這個詞最適合描述什麼？', '色域是某個裝置、色彩空間或媒材能表示或重現的顏色範圍。', 'published', 9),
  ('24000000-0000-0000-0000-000000000010', '23000000-0000-0000-0000-000000000001', '3-1-10', '為什麼同一組 RGB 數值可能在不同螢幕上看起來不同？', 'RGB 數值與裝置的色彩特性、校色狀態和使用的色彩描述檔有關，因此顯示結果可能不同。', 'published', 10),
  ('24000000-0000-0000-0000-000000000011', '23000000-0000-0000-0000-000000000001', '3-1-11', '每個 RGB 通道使用 8 位元時，一個通道可表示多少個階調？', '8 位元可形成 2 的 8 次方，也就是 256 個整數階調（0 到 255）。', 'published', 11),
  ('24000000-0000-0000-0000-000000000012', '23000000-0000-0000-0000-000000000001', '3-1-12', '設計檔由螢幕輸出改為印刷時，為何需要進行色彩管理？', '螢幕與印刷的成色方式和可表現色域不同，色彩管理可預測並控制轉換後的差異。', 'published', 12),
  ('24000000-0000-0000-0000-000000000013', '23000000-0000-0000-0000-000000000001', '3-1-13', '這是一題尚未發布的內容，學生不應看見。', '草稿題僅供 RLS 負向測試。', 'draft', 13);

insert into public.question_options (
  question_id, option_key, option_text, is_correct, sort_order
)
values
  ('24000000-0000-0000-0000-000000000001', 'A', 'RGB', true, 1),
  ('24000000-0000-0000-0000-000000000001', 'B', 'CMYK', false, 2),
  ('24000000-0000-0000-0000-000000000001', 'C', '灰階', false, 3),
  ('24000000-0000-0000-0000-000000000001', 'D', '雙色調', false, 4),
  ('24000000-0000-0000-0000-000000000002', 'A', '紅、綠、藍、白', false, 1),
  ('24000000-0000-0000-0000-000000000002', 'B', '青、洋紅、黃、黑', true, 2),
  ('24000000-0000-0000-0000-000000000002', 'C', '紅、黃、藍、灰', false, 3),
  ('24000000-0000-0000-0000-000000000002', 'D', '橙、綠、紫、黑', false, 4),
  ('24000000-0000-0000-0000-000000000003', 'A', '明度', false, 1),
  ('24000000-0000-0000-0000-000000000003', 'B', '飽和度', false, 2),
  ('24000000-0000-0000-0000-000000000003', 'C', '色相', true, 3),
  ('24000000-0000-0000-0000-000000000003', 'D', '透明度', false, 4),
  ('24000000-0000-0000-0000-000000000004', 'A', '明度', true, 1),
  ('24000000-0000-0000-0000-000000000004', 'B', '色相', false, 2),
  ('24000000-0000-0000-0000-000000000004', 'C', '彩度', false, 3),
  ('24000000-0000-0000-0000-000000000004', 'D', '色溫', false, 4),
  ('24000000-0000-0000-0000-000000000005', 'A', '紅色', true, 1),
  ('24000000-0000-0000-0000-000000000005', 'B', '綠色', false, 2),
  ('24000000-0000-0000-0000-000000000005', 'C', '藍色', false, 3),
  ('24000000-0000-0000-0000-000000000005', 'D', '白色', false, 4),
  ('24000000-0000-0000-0000-000000000006', 'A', '黑色', false, 1),
  ('24000000-0000-0000-0000-000000000006', 'B', '白色', true, 2),
  ('24000000-0000-0000-0000-000000000006', 'C', '灰色', false, 3),
  ('24000000-0000-0000-0000-000000000006', 'D', '黃色', false, 4),
  ('24000000-0000-0000-0000-000000000007', 'A', '讓紙張發光', false, 1),
  ('24000000-0000-0000-0000-000000000007', 'B', '提供穩定深色與清晰細節', true, 2),
  ('24000000-0000-0000-0000-000000000007', 'C', '把油墨變透明', false, 3),
  ('24000000-0000-0000-0000-000000000007', 'D', '增加紙張尺寸', false, 4),
  ('24000000-0000-0000-0000-000000000008', 'A', '只剩灰階', true, 1),
  ('24000000-0000-0000-0000-000000000008', 'B', '一定變成紅色', false, 2),
  ('24000000-0000-0000-0000-000000000008', 'C', '亮度固定為最大', false, 3),
  ('24000000-0000-0000-0000-000000000008', 'D', '變成透明', false, 4),
  ('24000000-0000-0000-0000-000000000009', 'A', '可表示的顏色範圍', true, 1),
  ('24000000-0000-0000-0000-000000000009', 'B', '畫面的實體尺寸', false, 2),
  ('24000000-0000-0000-0000-000000000009', 'C', '檔案的壓縮率', false, 3),
  ('24000000-0000-0000-0000-000000000009', 'D', '文字的字級範圍', false, 4),
  ('24000000-0000-0000-0000-000000000010', 'A', '不同裝置的色彩特性不同', true, 1),
  ('24000000-0000-0000-0000-000000000010', 'B', 'RGB 數值會自行改變', false, 2),
  ('24000000-0000-0000-0000-000000000010', 'C', '所有螢幕都使用 CMYK', false, 3),
  ('24000000-0000-0000-0000-000000000010', 'D', '數位顏色沒有標準', false, 4),
  ('24000000-0000-0000-0000-000000000011', 'A', '8', false, 1),
  ('24000000-0000-0000-0000-000000000011', 'B', '16', false, 2),
  ('24000000-0000-0000-0000-000000000011', 'C', '128', false, 3),
  ('24000000-0000-0000-0000-000000000011', 'D', '256', true, 4),
  ('24000000-0000-0000-0000-000000000012', 'A', '因為螢幕與印刷的色域和成色方式不同', true, 1),
  ('24000000-0000-0000-0000-000000000012', 'B', '因為印刷檔不能包含文字', false, 2),
  ('24000000-0000-0000-0000-000000000012', 'C', '因為螢幕只能顯示黑白', false, 3),
  ('24000000-0000-0000-0000-000000000012', 'D', '因為所有印刷機顏色都相同', false, 4);

insert into public.quiz_templates (
  id, chapter_id, stable_code, title, question_count, status
)
values
  ('26000000-0000-0000-0000-000000000001', '21000000-0000-0000-0000-000000000001', 'chapter-1-challenge', '第一章綜合挑戰', 10, 'published'),
  ('26000000-0000-0000-0000-000000000002', '21000000-0000-0000-0000-000000000002', 'chapter-2-challenge', '第二章綜合挑戰', 10, 'published'),
  ('26000000-0000-0000-0000-000000000003', '21000000-0000-0000-0000-000000000003', 'chapter-3-challenge', '第三章綜合挑戰', 10, 'published'),
  ('26000000-0000-0000-0000-000000000004', '21000000-0000-0000-0000-000000000004', 'chapter-4-challenge', '第四章綜合挑戰', 10, 'published'),
  ('26000000-0000-0000-0000-000000000005', '21000000-0000-0000-0000-000000000005', 'chapter-5-challenge', '第五章綜合挑戰', 10, 'published'),
  ('26000000-0000-0000-0000-000000000006', '21000000-0000-0000-0000-000000000006', 'chapter-6-challenge', '第六章綜合挑戰', 10, 'published');

commit;
