-- 由 scripts/content/import-questions.mjs 產生，請勿手動編輯。
-- 內容來源：教師題庫試算表；產生時間 2026-07-14T14:48:03.466Z
begin;

insert into public.sections (id, chapter_id, stable_code, title, description, status, sort_order)
values
  ('cd732278-0bfe-1293-19e1-338db3fe6a3c', '21000000-0000-0000-0000-000000000003', 'sheet-3-1', '3-1 色彩三要素與色名的表示', '', 'published', 1),
  ('cd9d5a87-3540-50ef-e85b-052ea5aac03c', '21000000-0000-0000-0000-000000000003', 'sheet-3-2', '3-2 色彩體系與數值符號的表示', '', 'published', 2),
  ('10df6319-6116-fc41-34a9-05c51490924d', '21000000-0000-0000-0000-000000000003', 'sheet-3-3', '3-3 數位色彩與色票的表示（暫定，待教師確認）', '', 'published', 3),
  ('22d1ce7c-9b5a-693a-38e8-443ed8f46a17', '21000000-0000-0000-0000-000000000002', 'sheet-4-1', '4-1 眼睛的構造與視覺（暫定，待教師確認）', '', 'published', 1);

insert into public.subtopics (id, section_id, stable_code, title, description, status, sort_order)
values
  ('f929cde5-c294-46ce-5faf-c866b3cb9583', 'cd732278-0bfe-1293-19e1-338db3fe6a3c', 'sheet-3-1-all', '3-1 色彩三要素與色名的表示', '', 'published', 1),
  ('036f87e5-edc3-6500-604b-76fef106db70', 'cd9d5a87-3540-50ef-e85b-052ea5aac03c', 'sheet-3-2-all', '3-2 色彩體系與數值符號的表示', '', 'published', 1),
  ('776c7d9d-fa82-bd21-24e0-15f0b14aaa31', '10df6319-6116-fc41-34a9-05c51490924d', 'sheet-3-3-all', '3-3 數位色彩與色票的表示（暫定，待教師確認）', '', 'published', 1),
  ('d5e935ef-35e9-199f-2131-ad2d9957cce4', '22d1ce7c-9b5a-693a-38e8-443ed8f46a17', 'sheet-4-1-all', '4-1 眼睛的構造與視覺（暫定，待教師確認）', '', 'published', 1);

insert into public.questions (id, subtopic_id, stable_code, prompt, explanation, status, sort_order)
values
  ('79cb7f62-42c7-6e6f-bd92-a4a09cfc0630', 'f929cde5-c294-46ce-5faf-c866b3cb9583', '3-1-01', '純色加入黑色所得的色彩稱為？', '純色加入黑色後明度降低，所得的深色調稱為「暗色」；加白色則為「明色」，同時加入黑與白（等於加灰）則成「濁色」。', 'published', 1),
  ('740fc7ce-b853-dace-d71f-cc7e4195da16', 'f929cde5-c294-46ce-5faf-c866b3cb9583', '3-1-02', '明色和暗色因為不含灰色，所以又稱為？', '純色只加白（明色）或只加黑（暗色）時都不含灰色成分，統稱「清色」；含灰色成分的色彩則稱「濁色」。', 'published', 2),
  ('2167dcf8-79a3-a784-b528-90711cb2a937', 'f929cde5-c294-46ce-5faf-c866b3cb9583', '3-1-03', '在一個純色中，同時加入白色與黑色，就會成為：', '同時加入白色與黑色等於加入灰色，色彩會失去鮮明感、變得混濁柔和，稱為「濁色」。', 'published', 3),
  ('c55c13fe-0457-94c5-7055-41cb3074dc6a', 'f929cde5-c294-46ce-5faf-c866b3cb9583', '3-1-04', '金色、銀色在色彩的分類中屬於：', '金色、銀色無法以一般色料混合調出，也不屬於有彩色或無彩色系統，色彩學上歸類為「獨立色」。', 'published', 4),
  ('04990089-b8c6-dedd-d5ca-8a2864e879db', 'f929cde5-c294-46ce-5faf-c866b3cb9583', '3-1-05', '下列色彩何者不屬於特殊色？', '特殊色指金、銀、銅、錫箔、螢光色等需特殊材質或發色方式的色彩；「七彩色」只是多種色彩的通稱，不是特殊色的分類。', 'published', 5),
  ('c2081b23-16be-289e-9c3a-ddafd0ccab97', 'f929cde5-c294-46ce-5faf-c866b3cb9583', '3-1-06', '色彩的三屬性是：', '色彩三屬性（三要素）為色相、明度、彩度：色相辨別色彩相貌，明度描述明暗，彩度描述鮮豔程度。', 'published', 6),
  ('cf1bc8c5-3395-a8f8-ce77-fa4436eca6f9', 'f929cde5-c294-46ce-5faf-c866b3cb9583', '3-1-07', '下列有關色相（Hue）的描述，何者不正確？', '色相是辨識色彩「相貌」的屬性，由光的波長決定，用來區別紅、黃、藍等不同色彩；「以光線反射的強弱分出感覺差異」描述的是明度，不是色相。', 'published', 7),
  ('a55323bc-c16f-9352-2658-252776208594', 'f929cde5-c294-46ce-5faf-c866b3cb9583', '3-1-08', '關於「明度」的定義，下列何者錯誤？', '明度指色彩的明暗程度，與色光的振幅（反射量）有關；「波長」決定的是色相，因此以波長定義明度是錯誤的。', 'published', 8),
  ('b11aaec8-599b-c89b-183f-76d9d951ac21', 'f929cde5-c294-46ce-5faf-c866b3cb9583', '3-1-09', '中國水墨畫「墨分五色」是利用色彩何種屬性的變化？', '「墨分五色」（焦、濃、重、淡、清）是以水調墨產生深淺層次，改變的是色彩的明度。', 'published', 9),
  ('ad0f0b65-8545-01d1-38a3-3e3f0c295726', 'f929cde5-c294-46ce-5faf-c866b3cb9583', '3-1-10', '下列純色和者明度最高？', '各純色中黃色的光反射率最高、明度最高；紫色明度最低，黑色屬於無彩色不在比較之列。', 'published', 10),
  ('1960b180-51cb-06c2-260a-ed863c657bfc', 'f929cde5-c294-46ce-5faf-c866b3cb9583', '3-1-11', '依照曼塞爾（Munsell）表色系的明度階段，白、亮灰、淺灰的明度調子接近：', '曼塞爾明度軸以 N0（黑）至 N10（白）表示，白、亮灰、淺灰屬於高明度端，依序約為 N10、N9、N8。', 'published', 11),
  ('2532dd66-45fe-8ec9-59ee-db66baf9db67', 'f929cde5-c294-46ce-5faf-c866b3cb9583', '3-1-12', '曼塞爾（Munsell）表色系將明度由黑至白分為9個階段，所謂「低調子」指的是？', '「低調子」指明度低、接近黑色的階段，即 N1、N2、N3；N4～N6 為中調子，N7～N9 為高調子。', 'published', 12),
  ('366f140d-ed2c-90f0-fce9-eb87571cc918', 'f929cde5-c294-46ce-5faf-c866b3cb9583', '3-1-13', '下列哪一色與白色混合後，明度階段變化最少的是：', '黃色本身的明度已非常接近白色，混入白色後明度能提升的空間最小，因此明度階段變化最少。', 'published', 13),
  ('9d185ad0-14fc-ef0a-f525-e6baec05d034', '036f87e5-edc3-6500-604b-76fef106db70', '3-2-01', '最早提出色彩排列系統化理論的學者是:', '芬蘭學者佛西士（Forsius）於 1611 年提出最早的色彩系統化排列理論，是色彩體系研究的先驅。', 'published', 1),
  ('27afe6b2-24d1-bf92-42bb-50eb58091f26', '036f87e5-edc3-6500-604b-76fef106db70', '3-2-02', '某色色相環上是舉足輕重的色彩，但在光譜上卻找不到，請問這個色彩是?', '光譜由紅到紫，其中沒有「紅紫（品紅）」；色相環為了讓紅與紫首尾銜接而加入紅紫，使色環閉合，因此它在光譜上找不到。', 'published', 2),
  ('8bfe9100-caac-4ff3-ab25-301ea27895e5', '036f87e5-edc3-6500-604b-76fef106db70', '3-2-03', '色相環上通過圓之相對的兩個色彩互稱為:', '色相環上通過圓心相對的兩個色彩互為「補色」，兩者混合後會趨近無彩色（灰、黑）。', 'published', 3),
  ('f3e13bae-2d39-0271-cbca-3861723a0b8b', '036f87e5-edc3-6500-604b-76fef106db70', '3-2-04', '觀察色立體之「等色相面」時可發現同一垂直軸的各色其何種屬性是一樣的:', '等色相面上，同一垂直軸線的色彩與中心明度軸的距離相同，因此「彩度」一致；明度則沿垂直方向改變。', 'published', 4),
  ('82d66287-2259-e8da-3cf0-c1831761a962', '036f87e5-edc3-6500-604b-76fef106db70', '3-2-05', '色彩在等色相面上的分布位置，下列何者正確?', '等色相面中，越靠上方明度越高、越靠外緣彩度越高；「淺色（明清色）」分布於外緣且靠近上方，深色靠下方，濁色靠內側。', 'published', 5),
  ('9154783e-6a00-6b09-5818-c2610174105f', '036f87e5-edc3-6500-604b-76fef106db70', '3-2-06', '色彩的的三屬性依性質有系統的排列，形成三度空間的結構稱為:', '將色相、明度、彩度三屬性有系統地排列成三度空間結構，稱為「色立體」：中心軸為明度、圓周方向為色相、半徑方向為彩度。', 'published', 6),
  ('00f037ca-70e6-b930-ee46-266e26790321', '036f87e5-edc3-6500-604b-76fef106db70', '3-2-07', '色立體(Color Solid)中心軸的名稱，下列何者為非:', '色立體的中心軸是無彩色的明度階段（垂直軸），與彩度無關；彩度是沿半徑方向、離軸越遠越高。', 'published', 7),
  ('d43975cc-b422-e4b8-e27a-35ed60481046', '036f87e5-edc3-6500-604b-76fef106db70', '3-2-08', '色立體的同一水平軸向，越接近外圓周的色彩具有何種特性?', '在色立體同一水平面上，離中心軸越遠的色彩彩度越高；明度由垂直高度決定，不隨水平距離改變。', 'published', 8),
  ('f3ed5493-f2a5-38f9-9229-09c05bc91e44', '036f87e5-edc3-6500-604b-76fef106db70', '3-2-09', '關於色立體的敘述，下列何者不正確?', '任何色彩體系的色立體都無法涵蓋「所有」色彩（例如金銀色、螢光色或超出該體系色域的色彩），因此「包含了所有的色彩」的敘述不正確；其餘關於明度與彩度方向的敘述皆正確。', 'published', 9),
  ('ae4100e1-f5a6-da05-f9a9-af96d23c764a', '036f87e5-edc3-6500-604b-76fef106db70', '3-2-10', '關於色立體的敘述，下列何者正確?', '1810 年德國奧圖倫格（P. Otto Runge）最先構想出球狀色立體。選項 A 與 C 的方向敘述相反（向上明度才越高、向外彩度才越高）；具有色調（Tone）概念的是 PCCS 等體系，並非色立體的通則。', 'published', 10),
  ('3968a391-226e-3be9-9067-beac1aa3b433', '036f87e5-edc3-6500-604b-76fef106db70', '3-2-11', '以色光混色為主的色彩體系是:', 'CIE（國際照明委員會）表色系以色光三原色的混色實驗為基礎，屬於「混色系」；Munsell、PCCS、NCS 則是以色料與目視比對為基礎的「顯色系」。', 'published', 11),
  ('ca9e326e-7dff-bb30-8fe1-2c5ee405fcec', '036f87e5-edc3-6500-604b-76fef106db70', '3-2-12', '關於顯色系的敘述，下列何者錯誤?', '顯色系以標準色票目測比對，方便實用，但精確度不如以儀器測定數值的混色系（如 CIE）；因此「顯色系較混色系精確、科學」的敘述是錯誤的。', 'published', 12),
  ('ad160ecf-d08e-412b-6849-3e03fc35b866', '036f87e5-edc3-6500-604b-76fef106db70', '3-2-13', '目前國際間誤差最小，最科學化的表色系為:', 'CIE 表色系以標準光源與儀器測色為基礎，將色彩完全數值化，誤差最小、最科學，是目前國際通用的表色系統。', 'published', 13),
  ('983d1c20-42f7-3617-96be-7c2bc6ff1531', '776c7d9d-fa82-bd21-24e0-15f0b14aaa31', '3-3-01', '在電腦影像處理中，色光的混合能產生多少種不同的色彩?', '每一色光通道有 256 個階調（0～255），紅、綠、藍三通道相乘為 256×256×256，約可產生 1,677 萬種色彩。', 'published', 1),
  ('9c4dcf62-aa96-0063-d01d-f94358be7dfa', '776c7d9d-fa82-bd21-24e0-15f0b14aaa31', '3-3-02', '數位影像色彩中「R255 G255 B0」呈現何種色彩?', '紅光與綠光等量相加會形成黃光，藍色通道為 0 表示沒有藍光，因此 R255 G255 B0 呈現黃色。', 'published', 2),
  ('0eacfde9-1e5d-f2df-ada8-8850d5741782', '776c7d9d-fa82-bd21-24e0-15f0b14aaa31', '3-3-03', '色票的製作會依據不同的色彩體系印製與標示色彩,以日本實用配色體系PCCS為例,下列何者不是以PCCS表色系為製作依據的色票?', 'PCCS 是日本色彩研究所制定的實用配色體系，以其為依據的色票包括日本 PCCS 色票與中華色彩研究所色票等；TOYO 色票是印刷油墨色票，不是以 PCCS 表色系為製作依據。（此題答案待教師確認）', 'published', 3),
  ('44bef261-c322-7b37-855c-b72a285a94db', '776c7d9d-fa82-bd21-24e0-15f0b14aaa31', '3-3-04', '有關色光RGB混色模式的敘述，下列者不正確?', 'R0 G0 B0 沒有任何色光、呈現黑色是正確的；但 R255 G0 B255 是紅光加藍光，呈現洋紅色（Magenta）而非綠色，因此 D 的敘述不正確。', 'published', 4),
  ('9b187f4f-94a5-0673-3ee0-a6f109144c99', '776c7d9d-fa82-bd21-24e0-15f0b14aaa31', '3-3-05', '下列有關電腦用色觀念的敘述，何者錯誤?', '彩色列印輸出使用的是 CMYK（青、洋紅、黃、黑）四色油墨的減法混色，不是紅、黃、綠、藍四色，因此 D 的敘述錯誤。', 'published', 5),
  ('9bb09882-3fa4-255c-0763-96bef3b1f2da', '776c7d9d-fa82-bd21-24e0-15f0b14aaa31', '3-3-06', '影像處理軟體Photoshop的檢色器中，以H:120° ； S:100% ； B:100% 數值表示的色彩，較接近系列何色?', 'HSB 模式中 H 是色相角：0° 為紅、120° 為綠、240° 為藍；H120° 且飽和度與明度都最大時即為純綠色。', 'published', 6),
  ('802c9c07-697f-51a9-99ff-535243326d21', '776c7d9d-fa82-bd21-24e0-15f0b14aaa31', '3-3-07', '影像處理軟體Photoshop的檢色器中，以H:330° ； S:100% ； B:100% 數值表示的色彩，若對應RGB系統數值，較接近系列何色?', 'H330° 位於紅紫（洋紅）色相區，是紅光與藍光的混合，對應 RGB 數值最接近 R255 G0 B255（洋紅色）。', 'published', 7),
  ('eb13df9d-0e92-c5db-96c9-eba06ace55e1', '776c7d9d-fa82-bd21-24e0-15f0b14aaa31', '3-3-08', '下列色彩表示法何者最接近紅色?', 'H:0° 是紅色相，S70%、B80% 仍是鮮明的紅色；選項 A 與 D 的彩度過低呈深濁色，選項 B（NCS Y10R）偏黃橙色相，都離純紅較遠。', 'published', 8),
  ('2e683d62-cb17-6904-4fb5-3b9853f35de7', '776c7d9d-fa82-bd21-24e0-15f0b14aaa31', '3-3-09', '為了表示正確的色彩，下列何種方法「無法」達成共識?', '色彩體系數值、印刷色量數值與標準色票都有公認的標準可依循；自製顏料色卡沒有統一標準，無法作為色彩溝通的共識依據。', 'published', 9),
  ('44723b93-d7bc-bd9b-a598-58e9b91978ed', '776c7d9d-fa82-bd21-24e0-15f0b14aaa31', '3-3-10', '色彩的傳達及管理須將色彩依標準規則轉化為共通的表色數值，下列哪一個表色法是不適用、也較不明確的?', 'PANTONE 206C、M100+Y100、Munsell 5R 4/14 都有明確的數值或編號定義；「Red」只是籠統的色名，每個人的認知不同，不適合精確的色彩傳達與管理。', 'published', 10),
  ('1c25d7a6-b0f0-79ec-f731-d952fc5c17d8', '776c7d9d-fa82-bd21-24e0-15f0b14aaa31', '3-3-11', '下列何者不是印刷用的油墨色票?', 'PANTONE、TOYO、TRUMATCH 都是印刷油墨或印刷色彩的色票系統；ITTEN（伊登）是色彩學者的名字，以十二色相環聞名，不是油墨色票。', 'published', 11),
  ('e39e3716-e01f-b090-bd10-0c1e39d8ecca', 'd5e935ef-35e9-199f-2131-ad2d9957cce4', '4-1-02', '眼球中，控制光線進出眼球多寡的部位稱為？', '虹膜可以放大或縮小瞳孔，控制進入眼球的光線量，功能如同相機的光圈。', 'published', 1),
  ('26897524-86c2-def3-ea20-4261ed4d3aed', 'd5e935ef-35e9-199f-2131-ad2d9957cce4', '4-1-03', '眼球中負責聚集光線、調節焦距的是：', '水晶體像一片可變厚薄的凸透鏡，負責聚集光線並調節焦距，使影像清楚成像在視網膜上，如同相機的鏡頭。', 'published', 2),
  ('cf4b709a-4a41-af3e-3dd4-b60890a34622', 'd5e935ef-35e9-199f-2131-ad2d9957cce4', '4-1-04', '人類眼球中的視網膜上具有兩種視覺感應細胞是？', '視網膜上有兩種感光細胞：柱狀（桿狀）細胞感應明暗，錐狀細胞負責分辨色彩。', 'published', 3),
  ('dc99010b-5a63-1137-f23c-7407cfe7299a', 'd5e935ef-35e9-199f-2131-ad2d9957cce4', '4-1-05', '眼球中負責分辦色彩的是：', '錐狀細胞在明亮環境下運作，能分辨色彩；柱狀（桿狀）細胞只能感應光線明暗，無法辨色。', 'published', 4),
  ('3bbe2540-f225-d799-58f6-1bd28e43b725', 'd5e935ef-35e9-199f-2131-ad2d9957cce4', '4-1-06', '錐狀細胞在眼球那個部位分布最為集中？', '錐狀細胞密集分布於視網膜中央的「中心窩」，這裡是視覺最敏銳、辨色能力最強的位置。', 'published', 5),
  ('41b3841b-749d-cd27-5aa7-4aa015476992', 'd5e935ef-35e9-199f-2131-ad2d9957cce4', '4-1-07', '視網膜中的柱狀細胞是感應光線的：', '柱狀細胞對光線的強弱（明暗）非常敏感，主要在昏暗環境下作用，但不能分辨色相或彩度。', 'published', 6),
  ('b4e11f91-260d-b38f-aa09-960f14dbbd45', 'd5e935ef-35e9-199f-2131-ad2d9957cce4', '4-1-08', '有關視網膜上柱狀細胞的構成與作用，下列敘述何者正確？', '柱狀細胞廣泛分布在視網膜上（中心窩除外），數量遠多於錐狀細胞，在微弱光線下才發揮感應力，且不負責色彩，因此只有 B 的敘述正確。', 'published', 7),
  ('865070de-13d3-bce0-0cbc-1628b43bf842', 'd5e935ef-35e9-199f-2131-ad2d9957cce4', '4-1-09', '下列關於錐、柱狀細胞的敘述，何者不正確？', '依教材說法，柱狀細胞對光線明暗的反應敏銳，反應速度並不比錐狀細胞慢，因此 C 的敘述不正確；A、B、D 均為正確描述。（此題答案待教師確認）', 'published', 8),
  ('207190aa-e7a2-fd19-634d-e033f3f912c2', 'f929cde5-c294-46ce-5faf-c866b3cb9583', '9-9-01', '這是一題尚未發布的內容，學生不應看見。', '草稿題僅供 RLS 負向測試。', 'draft', 99);

insert into public.question_options (question_id, option_key, option_text, is_correct, sort_order)
values
  ('79cb7f62-42c7-6e6f-bd92-a4a09cfc0630', 'A', '明色', false, 1),
  ('79cb7f62-42c7-6e6f-bd92-a4a09cfc0630', 'B', '中間色', false, 2),
  ('79cb7f62-42c7-6e6f-bd92-a4a09cfc0630', 'C', '濁色', false, 3),
  ('79cb7f62-42c7-6e6f-bd92-a4a09cfc0630', 'D', '暗色', true, 4),
  ('740fc7ce-b853-dace-d71f-cc7e4195da16', 'A', '清色', true, 1),
  ('740fc7ce-b853-dace-d71f-cc7e4195da16', 'B', '純色', false, 2),
  ('740fc7ce-b853-dace-d71f-cc7e4195da16', 'C', '濁色', false, 3),
  ('740fc7ce-b853-dace-d71f-cc7e4195da16', 'D', '補色', false, 4),
  ('2167dcf8-79a3-a784-b528-90711cb2a937', 'A', '明色', false, 1),
  ('2167dcf8-79a3-a784-b528-90711cb2a937', 'B', '混色', false, 2),
  ('2167dcf8-79a3-a784-b528-90711cb2a937', 'C', '白色', false, 3),
  ('2167dcf8-79a3-a784-b528-90711cb2a937', 'D', '濁色', true, 4),
  ('c55c13fe-0457-94c5-7055-41cb3074dc6a', 'A', '無彩色', false, 1),
  ('c55c13fe-0457-94c5-7055-41cb3074dc6a', 'B', '原色', false, 2),
  ('c55c13fe-0457-94c5-7055-41cb3074dc6a', 'C', '獨立色', true, 3),
  ('c55c13fe-0457-94c5-7055-41cb3074dc6a', 'D', '純色', false, 4),
  ('04990089-b8c6-dedd-d5ca-8a2864e879db', 'A', '銅色', false, 1),
  ('04990089-b8c6-dedd-d5ca-8a2864e879db', 'B', '七彩色', true, 2),
  ('04990089-b8c6-dedd-d5ca-8a2864e879db', 'C', '螢光綠色', false, 3),
  ('04990089-b8c6-dedd-d5ca-8a2864e879db', 'D', '錫箔色', false, 4),
  ('c2081b23-16be-289e-9c3a-ddafd0ccab97', 'A', '色相、明度、彩度', true, 1),
  ('c2081b23-16be-289e-9c3a-ddafd0ccab97', 'B', '光線、物體、眼睛', false, 2),
  ('c2081b23-16be-289e-9c3a-ddafd0ccab97', 'C', '波長、震幅、密度', false, 3),
  ('c2081b23-16be-289e-9c3a-ddafd0ccab97', 'D', '波長、對比、濃度', false, 4),
  ('cf1bc8c5-3395-a8f8-ce77-fa4436eca6f9', 'A', '指辨識色彩的相貌，區別各種不同的色彩名稱', false, 1),
  ('cf1bc8c5-3395-a8f8-ce77-fa4436eca6f9', 'B', '色彩區分洪、黃、藍...等、不同的樣貌', false, 2),
  ('cf1bc8c5-3395-a8f8-ce77-fa4436eca6f9', 'C', '以光線反射的強弱分出其間的感覺差異', true, 3),
  ('cf1bc8c5-3395-a8f8-ce77-fa4436eca6f9', 'D', '光的波長決定其色相', false, 4),
  ('a55323bc-c16f-9352-2658-252776208594', 'A', '色彩的明暗', false, 1),
  ('a55323bc-c16f-9352-2658-252776208594', 'B', '色光的振幅', false, 2),
  ('a55323bc-c16f-9352-2658-252776208594', 'C', '色光的反射福', false, 3),
  ('a55323bc-c16f-9352-2658-252776208594', 'D', '色光的波長', true, 4),
  ('b11aaec8-599b-c89b-183f-76d9d951ac21', 'A', '明度', true, 1),
  ('b11aaec8-599b-c89b-183f-76d9d951ac21', 'B', '彩度', false, 2),
  ('b11aaec8-599b-c89b-183f-76d9d951ac21', 'C', '質感', false, 3),
  ('b11aaec8-599b-c89b-183f-76d9d951ac21', 'D', '型態', false, 4),
  ('ad0f0b65-8545-01d1-38a3-3e3f0c295726', 'A', '黃色', true, 1),
  ('ad0f0b65-8545-01d1-38a3-3e3f0c295726', 'B', '紅色', false, 2),
  ('ad0f0b65-8545-01d1-38a3-3e3f0c295726', 'C', '紫色', false, 3),
  ('ad0f0b65-8545-01d1-38a3-3e3f0c295726', 'D', '黑色', false, 4),
  ('1960b180-51cb-06c2-260a-ed863c657bfc', 'A', 'N0、N1、N2', false, 1),
  ('1960b180-51cb-06c2-260a-ed863c657bfc', 'B', 'N2、N3、N4', false, 2),
  ('1960b180-51cb-06c2-260a-ed863c657bfc', 'C', 'N4、N5、N6', false, 3),
  ('1960b180-51cb-06c2-260a-ed863c657bfc', 'D', 'N10、N9、N8', true, 4),
  ('2532dd66-45fe-8ec9-59ee-db66baf9db67', 'A', 'N0、N5、N10', false, 1),
  ('2532dd66-45fe-8ec9-59ee-db66baf9db67', 'B', 'N1、N2、N3', true, 2),
  ('2532dd66-45fe-8ec9-59ee-db66baf9db67', 'C', 'N4、N5、N6', false, 3),
  ('2532dd66-45fe-8ec9-59ee-db66baf9db67', 'D', 'N7、N8、N9', false, 4),
  ('366f140d-ed2c-90f0-fce9-eb87571cc918', 'A', '綠', false, 1),
  ('366f140d-ed2c-90f0-fce9-eb87571cc918', 'B', '紅', false, 2),
  ('366f140d-ed2c-90f0-fce9-eb87571cc918', 'C', '黃', true, 3),
  ('366f140d-ed2c-90f0-fce9-eb87571cc918', 'D', '藍', false, 4),
  ('9d185ad0-14fc-ef0a-f525-e6baec05d034', 'A', '佛西士(Forsius)', true, 1),
  ('9d185ad0-14fc-ef0a-f525-e6baec05d034', 'B', '奧圖倫格(P.Otto Runge)', false, 2),
  ('9d185ad0-14fc-ef0a-f525-e6baec05d034', 'C', '伊登(Johannes Itten)', false, 3),
  ('9d185ad0-14fc-ef0a-f525-e6baec05d034', 'D', '拉伯隆(J.C Le Blon)', false, 4),
  ('27afe6b2-24d1-bf92-42bb-50eb58091f26', 'A', '金色', false, 1),
  ('27afe6b2-24d1-bf92-42bb-50eb58091f26', 'B', '紅紫色', true, 2),
  ('27afe6b2-24d1-bf92-42bb-50eb58091f26', 'C', '黃綠色', false, 3),
  ('27afe6b2-24d1-bf92-42bb-50eb58091f26', 'D', '黑白色', false, 4),
  ('8bfe9100-caac-4ff3-ab25-301ea27895e5', 'A', '曖昧色', false, 1),
  ('8bfe9100-caac-4ff3-ab25-301ea27895e5', 'B', '補色', true, 2),
  ('8bfe9100-caac-4ff3-ab25-301ea27895e5', 'C', '等色相', false, 3),
  ('8bfe9100-caac-4ff3-ab25-301ea27895e5', 'D', '類似色', false, 4),
  ('f3e13bae-2d39-0271-cbca-3861723a0b8b', 'A', '色調', false, 1),
  ('f3e13bae-2d39-0271-cbca-3861723a0b8b', 'B', '色相', false, 2),
  ('f3e13bae-2d39-0271-cbca-3861723a0b8b', 'C', '明度', false, 3),
  ('f3e13bae-2d39-0271-cbca-3861723a0b8b', 'D', '彩度', true, 4),
  ('82d66287-2259-e8da-3cf0-c1831761a962', 'A', '明色分布於等色相面外圍邊緣區域，並靠近下方', false, 1),
  ('82d66287-2259-e8da-3cf0-c1831761a962', 'B', '淺色分布於等色相面外圍邊緣區域，並靠近上方', true, 2),
  ('82d66287-2259-e8da-3cf0-c1831761a962', 'C', '深色分布於等色相面外圍邊緣區域，並靠近上方或下方', false, 3),
  ('82d66287-2259-e8da-3cf0-c1831761a962', 'D', '濁色分布於等色相面外圍邊緣區域，距離明度軸最遠的地方', false, 4),
  ('9154783e-6a00-6b09-5818-c2610174105f', 'A', '色環', false, 1),
  ('9154783e-6a00-6b09-5818-c2610174105f', 'B', '色立體', true, 2),
  ('9154783e-6a00-6b09-5818-c2610174105f', 'C', '色相', false, 3),
  ('9154783e-6a00-6b09-5818-c2610174105f', 'D', '三原色', false, 4),
  ('00f037ca-70e6-b930-ee46-266e26790321', 'A', '彩度階段', true, 1),
  ('00f037ca-70e6-b930-ee46-266e26790321', 'B', '明度階段', false, 2),
  ('00f037ca-70e6-b930-ee46-266e26790321', 'C', '垂直軸', false, 3),
  ('00f037ca-70e6-b930-ee46-266e26790321', 'D', '無彩色階段', false, 4),
  ('d43975cc-b422-e4b8-e27a-35ed60481046', 'A', '明度越高', false, 1),
  ('d43975cc-b422-e4b8-e27a-35ed60481046', 'B', '彩度越低', false, 2),
  ('d43975cc-b422-e4b8-e27a-35ed60481046', 'C', '明度越低', false, 3),
  ('d43975cc-b422-e4b8-e27a-35ed60481046', 'D', '彩度越高', true, 4),
  ('f3ed5493-f2a5-38f9-9229-09c05bc91e44', 'A', '色立體包含了所有的色彩，是認識色彩及色彩計畫與管理上的良好工具', true, 1),
  ('f3ed5493-f2a5-38f9-9229-09c05bc91e44', 'B', '常用色彩體系的明度與彩度值不同，因此各色彩體系的色立體型態均不相同', false, 2),
  ('f3ed5493-f2a5-38f9-9229-09c05bc91e44', 'C', '越往上方則色彩的明度越高，越往下方則色彩的明度越低', false, 3),
  ('f3ed5493-f2a5-38f9-9229-09c05bc91e44', 'D', '越往中心軸方向則色彩的彩度越低，越往外緣則色彩的彩度越高', false, 4),
  ('ae4100e1-f5a6-da05-f9a9-af96d23c764a', 'A', '以明度階段為中心，向下明度越高', false, 1),
  ('ae4100e1-f5a6-da05-f9a9-af96d23c764a', 'B', '19世紀初德國人奧圖倫格(P.Otto Runge)最先構想出球狀的色立體', true, 2),
  ('ae4100e1-f5a6-da05-f9a9-af96d23c764a', 'C', '由中心軸越向外圍色彩彩度越低', false, 3),
  ('ae4100e1-f5a6-da05-f9a9-af96d23c764a', 'D', '具有色調(Tone)概念，可方便設計師或畫家挑選配對色彩', false, 4),
  ('3968a391-226e-3be9-9067-beac1aa3b433', 'A', 'Munsell', false, 1),
  ('3968a391-226e-3be9-9067-beac1aa3b433', 'B', 'PCCS', false, 2),
  ('3968a391-226e-3be9-9067-beac1aa3b433', 'C', 'NCS', false, 3),
  ('3968a391-226e-3be9-9067-beac1aa3b433', 'D', 'CIE', true, 4),
  ('ca9e326e-7dff-bb30-8fe1-2c5ee405fcec', 'A', '屬於色料的表色系統', false, 1),
  ('ca9e326e-7dff-bb30-8fe1-2c5ee405fcec', 'B', '以NSC、曼賽爾、PCCS表色系為代表', false, 2),
  ('ca9e326e-7dff-bb30-8fe1-2c5ee405fcec', 'C', '以目測的方式比對標準色票和色樣之間的關係', false, 3),
  ('ca9e326e-7dff-bb30-8fe1-2c5ee405fcec', 'D', '測色較混色系精確、科學，使用也較為普遍', true, 4),
  ('ad160ecf-d08e-412b-6849-3e03fc35b866', 'A', '曼賽爾(Munsell)表色系', false, 1),
  ('ad160ecf-d08e-412b-6849-3e03fc35b866', 'B', 'NCS表色系', false, 2),
  ('ad160ecf-d08e-412b-6849-3e03fc35b866', 'C', 'PCCS表色系', false, 3),
  ('ad160ecf-d08e-412b-6849-3e03fc35b866', 'D', 'CIE表色系', true, 4),
  ('983d1c20-42f7-3617-96be-7c2bc6ff1531', 'A', '128*128*128', false, 1),
  ('983d1c20-42f7-3617-96be-7c2bc6ff1531', 'B', '256*256*256', true, 2),
  ('983d1c20-42f7-3617-96be-7c2bc6ff1531', 'C', '128*128', false, 3),
  ('983d1c20-42f7-3617-96be-7c2bc6ff1531', 'D', '256*256', false, 4),
  ('9c4dcf62-aa96-0063-d01d-f94358be7dfa', 'A', '橙色', false, 1),
  ('9c4dcf62-aa96-0063-d01d-f94358be7dfa', 'B', '黃色', true, 2),
  ('9c4dcf62-aa96-0063-d01d-f94358be7dfa', 'C', '紅色', false, 3),
  ('9c4dcf62-aa96-0063-d01d-f94358be7dfa', 'D', '綠色', false, 4),
  ('0eacfde9-1e5d-f2df-ada8-8850d5741782', 'A', '日本DIC色票', false, 1),
  ('0eacfde9-1e5d-f2df-ada8-8850d5741782', 'B', '日本TOYO色票', true, 2),
  ('0eacfde9-1e5d-f2df-ada8-8850d5741782', 'C', '日本PCCS色', false, 3),
  ('0eacfde9-1e5d-f2df-ada8-8850d5741782', 'D', '中華色彩研究所色票', false, 4),
  ('44bef261-c322-7b37-855c-b72a285a94db', 'A', '色光三原色是紅(Red)、綠(Green)、藍(Blue)', false, 1),
  ('44bef261-c322-7b37-855c-b72a285a94db', 'B', '三原色各分為256各色階，以0~255數值表示', false, 2),
  ('44bef261-c322-7b37-855c-b72a285a94db', 'C', '色光混合後明度提高，次數越多，明度越高，故稱加法混合、正混合', false, 3),
  ('44bef261-c322-7b37-855c-b72a285a94db', 'D', 'R0 G0 B0 呈現黑色，R255 G0 B255呈現綠色', true, 4),
  ('9b187f4f-94a5-0673-3ee0-a6f109144c99', 'A', '目前電腦影像處理的顯色，至少可達16777216色，但人眼未必能分辨這麼多色彩', false, 1),
  ('9b187f4f-94a5-0673-3ee0-a6f109144c99', 'B', '電腦螢幕的色彩是以人類眼睛可辨識的256個色階，可以運算出1677萬色的色光色彩，這些色彩通稱為全彩', false, 2),
  ('9b187f4f-94a5-0673-3ee0-a6f109144c99', 'C', '電腦螢幕所呈現的色彩，是以紅(R)、綠(G)、藍(B)色光三原色混合而成', false, 3),
  ('9b187f4f-94a5-0673-3ee0-a6f109144c99', 'D', '電腦列表機的色彩輸出，是以紅(R)、黃(Y)、綠(G)、藍(B)四種顏色混合而成', true, 4),
  ('9bb09882-3fa4-255c-0763-96bef3b1f2da', 'A', '紅', false, 1),
  ('9bb09882-3fa4-255c-0763-96bef3b1f2da', 'B', '綠', true, 2),
  ('9bb09882-3fa4-255c-0763-96bef3b1f2da', 'C', '藍', false, 3),
  ('9bb09882-3fa4-255c-0763-96bef3b1f2da', 'D', '黃', false, 4),
  ('802c9c07-697f-51a9-99ff-535243326d21', 'A', 'R0 G255 B0', false, 1),
  ('802c9c07-697f-51a9-99ff-535243326d21', 'B', 'R255 G255 B0', false, 2),
  ('802c9c07-697f-51a9-99ff-535243326d21', 'C', 'R255 G0 B255', true, 3),
  ('802c9c07-697f-51a9-99ff-535243326d21', 'D', 'R0 G255 B255', false, 4),
  ('eb13df9d-0e92-c5db-96c9-eba06ace55e1', 'A', '2R-7.5-1S', false, 1),
  ('eb13df9d-0e92-c5db-96c9-eba06ace55e1', 'B', 'S 1080-Y10R', false, 2),
  ('eb13df9d-0e92-c5db-96c9-eba06ace55e1', 'C', 'H:0° ，S:70% ，B:80%', true, 3),
  ('eb13df9d-0e92-c5db-96c9-eba06ace55e1', 'D', '5R 4/4', false, 4),
  ('2e683d62-cb17-6904-4fb5-3b9853f35de7', 'A', '色彩體系數值表示法', false, 1),
  ('2e683d62-cb17-6904-4fb5-3b9853f35de7', 'B', '印刷色量數值法', false, 2),
  ('2e683d62-cb17-6904-4fb5-3b9853f35de7', 'C', '色票', false, 3),
  ('2e683d62-cb17-6904-4fb5-3b9853f35de7', 'D', '自製顏料色卡', true, 4),
  ('44723b93-d7bc-bd9b-a598-58e9b91978ed', 'A', 'PANTONE 206C', false, 1),
  ('44723b93-d7bc-bd9b-a598-58e9b91978ed', 'B', 'M100+Y100', false, 2),
  ('44723b93-d7bc-bd9b-a598-58e9b91978ed', 'C', 'Red', true, 3),
  ('44723b93-d7bc-bd9b-a598-58e9b91978ed', 'D', 'Munsell 5R 4/14', false, 4),
  ('1c25d7a6-b0f0-79ec-f731-d952fc5c17d8', 'A', 'PANTONE', false, 1),
  ('1c25d7a6-b0f0-79ec-f731-d952fc5c17d8', 'B', 'TOYO', false, 2),
  ('1c25d7a6-b0f0-79ec-f731-d952fc5c17d8', 'C', 'TRUMATCH', false, 3),
  ('1c25d7a6-b0f0-79ec-f731-d952fc5c17d8', 'D', 'ITTEN', true, 4),
  ('e39e3716-e01f-b090-bd10-0c1e39d8ecca', 'A', '角膜', false, 1),
  ('e39e3716-e01f-b090-bd10-0c1e39d8ecca', 'B', '水晶體', false, 2),
  ('e39e3716-e01f-b090-bd10-0c1e39d8ecca', 'C', '虹膜', true, 3),
  ('e39e3716-e01f-b090-bd10-0c1e39d8ecca', 'D', '玻璃體', false, 4),
  ('26897524-86c2-def3-ea20-4261ed4d3aed', 'A', '水晶體', true, 1),
  ('26897524-86c2-def3-ea20-4261ed4d3aed', 'B', '虹膜', false, 2),
  ('26897524-86c2-def3-ea20-4261ed4d3aed', 'C', '玻璃體', false, 3),
  ('26897524-86c2-def3-ea20-4261ed4d3aed', 'D', '錐狀細胞', false, 4),
  ('cf4b709a-4a41-af3e-3dd4-b60890a34622', 'A', '柱狀與錐狀細胞', true, 1),
  ('cf4b709a-4a41-af3e-3dd4-b60890a34622', 'B', '圓狀與片狀細胞', false, 2),
  ('cf4b709a-4a41-af3e-3dd4-b60890a34622', 'C', '鞏膜與脈絡膜細胞', false, 3),
  ('cf4b709a-4a41-af3e-3dd4-b60890a34622', 'D', '盲點與中心窩細胞', false, 4),
  ('dc99010b-5a63-1137-f23c-7407cfe7299a', 'A', '虹膜', false, 1),
  ('dc99010b-5a63-1137-f23c-7407cfe7299a', 'B', '水晶體', false, 2),
  ('dc99010b-5a63-1137-f23c-7407cfe7299a', 'C', '桿狀細胞', false, 3),
  ('dc99010b-5a63-1137-f23c-7407cfe7299a', 'D', '錐狀細胞', true, 4),
  ('3bbe2540-f225-d799-58f6-1bd28e43b725', 'A', '水晶體', false, 1),
  ('3bbe2540-f225-d799-58f6-1bd28e43b725', 'B', '中心窩', true, 2),
  ('3bbe2540-f225-d799-58f6-1bd28e43b725', 'C', '盲點', false, 3),
  ('3bbe2540-f225-d799-58f6-1bd28e43b725', 'D', '神經束', false, 4),
  ('41b3841b-749d-cd27-5aa7-4aa015476992', 'A', '明暗', true, 1),
  ('41b3841b-749d-cd27-5aa7-4aa015476992', 'B', '密度', false, 2),
  ('41b3841b-749d-cd27-5aa7-4aa015476992', 'C', '色相', false, 3),
  ('41b3841b-749d-cd27-5aa7-4aa015476992', 'D', '彩度', false, 4),
  ('b4e11f91-260d-b38f-aa09-960f14dbbd45', 'A', '數量較錐狀細胞少', false, 1),
  ('b4e11f91-260d-b38f-aa09-960f14dbbd45', 'B', '平均分布在視網膜上', true, 2),
  ('b4e11f91-260d-b38f-aa09-960f14dbbd45', 'C', '光線愈亮，感應力愈強', false, 3),
  ('b4e11f91-260d-b38f-aa09-960f14dbbd45', 'D', '負責感應色彩的色相', false, 4),
  ('865070de-13d3-bce0-0cbc-1628b43bf842', 'A', '錐狀細胞主要分布在中心窩附近', false, 1),
  ('865070de-13d3-bce0-0cbc-1628b43bf842', 'B', '柱狀細胞對光線明暗的反應非常敏感', false, 2),
  ('865070de-13d3-bce0-0cbc-1628b43bf842', 'C', '柱狀細胞的反應速度比錐狀細胞慢', true, 3),
  ('865070de-13d3-bce0-0cbc-1628b43bf842', 'D', '某些頭部受到創傷的人，會對色彩失去知覺，主要是錐狀細胞受創所致', false, 4),
  ('207190aa-e7a2-fd19-634d-e033f3f912c2', 'A', '選項一', true, 1),
  ('207190aa-e7a2-fd19-634d-e033f3f912c2', 'B', '選項二', false, 2);

commit;
